id,name,number,email,password,age,gender,DL,aadhar,shift,carid,wallet
1,Ulrica Maciejewski,6611358188,umaciejewski0@deliciousdays.com,99279,49,Female,4705164,6393086127,day,8,5974
2,Jasper Zecchini,1700134620,jzecchini1@behance.net,80065,28,Male,7159837,6812451505,day,86,7416
3,Martha Borgnet,1209682249,mborgnet2@patch.com,35083,43,Female,4644276,4538869018,day,64,7749
4,Roshelle Twittey,0047968036,rtwittey3@mashable.com,44487,48,Female,4639226,8814979346,night,14,1220
5,Alistair Somerscales,5606226596,asomerscales4@timesonline.co.uk,84997,35,Male,2354322,6051546920,day,20,3267
6,Benito Stanesby,3983326374,bstanesby5@blogtalkradio.com,57427,22,Male,7647136,4301319811,night,65,8727
7,Evangelin Jewise,6433431887,ejewise6@cnet.com,25954,43,Female,6359974,7730332354,day,6,5724
8,Samaria Stearns,8035513419,sstearns7@bing.com,54409,32,Female,2357484,5810328435,day,80,4036
9,Beau Pendergast,9329055451,bpendergast8@bluehost.com,51978,43,Male,3184711,4865105637,day,69,5684
10,Orazio Wyche,7762584099,owyche9@mapy.cz,83687,46,Male,3456601,3186451529,night,53,2713
11,Christoffer Peddie,6466402258,cpeddiea@tinyurl.com,71867,43,Male,6661577,5171685693,day,77,5058
12,Jewell Crowhurst,2505715858,jcrowhurstb@netvibes.com,61530,38,Female,2827519,8615418132,night,44,2088
13,Camala Ledgister,2594792276,cledgisterc@house.gov,28202,37,Female,9197099,9814752647,night,52,2550
14,Lindy Sawyers,0655010076,lsawyersd@nytimes.com,91847,44,Male,1938559,8660941311,day,12,5087
15,Damita Tissier,9248072550,dtissiere@360.cn,24873,49,Female,2360318,5441914130,night,3,4321
16,Harrie Gounin,0869131877,hgouninf@boston.com,31259,24,Female,9673479,3241672363,night,38,9422
17,Florette Duding,7308111415,fdudingg@nifty.com,94166,24,Female,9594231,3277194280,night,54,6043
18,Nichole Wigfield,8525168335,nwigfieldh@bing.com,10366,41,Male,1098588,4605702639,night,72,3320
19,Stacey Hurd,2199625710,shurdi@dot.gov,85382,19,Female,1207725,3845964650,day,36,8226
20,Dotty Attwoul,8033909579,dattwoulj@stumbleupon.com,23363,45,Female,2766601,9895611609,night,92,8548
21,Malissa Iveagh,5782534818,miveaghk@sciencedirect.com,97696,48,Female,4473622,2319112971,day,59,5651
22,Maria McLeman,1709068434,mmclemanl@wordpress.org,46280,35,Female,9717815,6685833889,night,40,5471
23,Judy Swallow,3971837751,jswallowm@utexas.edu,83518,45,Female,2539502,1716637563,day,8,9566
24,Win Brimman,6680653657,wbrimmann@seattletimes.com,56308,30,Male,4260445,9513799639,day,20,6162
25,Hildagard Cordy,5835376871,hcordyo@multiply.com,88451,33,Female,6802485,4550627333,night,78,8936
26,Caro Worshall,7536626754,cworshallp@zimbio.com,46759,37,Female,4995193,6776873773,night,55,3172
27,Gayel Habbijam,7985720626,ghabbijamq@phpbb.com,24081,43,Female,4453405,8945649817,day,26,3514
28,Marci Gadie,3572979919,mgadier@senate.gov,19301,29,Female,9625397,4503853351,day,53,7232
29,Gill Casement,0693462116,gcasements@nationalgeographic.com,79262,24,Male,1296322,6277336783,day,49,1746
30,Ninette Franks,4078263860,nfrankst@icq.com,16714,24,Female,7082740,2102775585,day,60,1025
31,Tailor Randerson,2661335064,trandersonu@paginegialle.it,96032,33,Male,9423811,2047096126,day,54,7444
32,Saw O'Lehane,7756299132,solehanev@google.it,22850,28,Male,6777573,6096788991,night,47,4172
33,Krishna Crusham,4394208971,kcrushamw@discovery.com,13850,39,Male,6282116,2126647726,day,30,5567
34,Giorgia Anniwell,3215605198,ganniwellx@livejournal.com,73014,25,Female,9540514,2677115089,day,41,6216
35,Farlie Gommery,1369542437,fgommeryy@home.pl,91841,44,Male,6727931,9977026794,night,7,7850
36,Duffie Harbertson,3060240515,dharbertsonz@pagesperso-orange.fr,34454,38,Male,6232689,5346898343,night,88,6424
37,Ronnica Hugland,0613744721,rhugland10@live.com,73501,39,Female,8889950,5452827452,day,10,6788
38,Gregorius Izkovici,4632002631,gizkovici11@ted.com,26608,23,Male,3751154,3820470088,night,30,9386
39,Garrick De Paoli,0930755987,gde12@pcworld.com,68902,29,Male,9409724,3722787742,day,4,2955
40,Sally O' Sullivan,5337577085,so13@mashable.com,49581,26,Female,6600798,8213444843,night,96,5106
41,Tammy Linder,9314406474,tlinder14@nps.gov,45956,30,Female,9662539,8279261197,day,98,5136
42,Celestyna Ewols,1321385234,cewols15@xinhuanet.com,33555,45,Female,1446501,5471631988,day,10,9567
43,Frasquito Ebunoluwa,6474285931,febunoluwa16@zimbio.com,98242,46,Male,5432980,9558048495,day,55,2380
44,Justine Noods,5934277332,jnoods17@ow.ly,92041,20,Female,9434597,5322453758,night,59,4975
45,Kitti Pilkington,6011705235,kpilkington18@technorati.com,35609,27,Female,5917015,4004953094,day,55,4937
46,Bobine Thies,6368384301,bthies19@wikispaces.com,12202,27,Female,9324783,9650804626,night,69,5258
47,Cary Lobley,8920638926,clobley1a@prlog.org,84453,32,Male,3965519,2465789590,day,6,7345
48,Aurelie Mandal,8444690481,amandal1b@histats.com,94498,46,Female,4872502,1796436519,day,50,7579
49,Omero Clipsham,8511804226,oclipsham1c@sfgate.com,51194,31,Male,5804274,3663093669,night,98,3822
50,Nadeen Quimby,6907543680,nquimby1d@icq.com,71327,36,Female,8588383,2799271625,night,37,9107
51,Harwell Barthorpe,6546025566,hbarthorpe1e@reddit.com,33724,34,Male,4411890,9999703158,day,31,1905
52,Modestine Siggee,6247715943,msiggee1f@seattletimes.com,82615,40,Female,4267504,7715499988,day,24,3142
53,Gael Gates,1769920498,ggates1g@yandex.ru,88421,45,Female,2514678,1066929849,day,100,4687
54,Brook Pollock,4271685607,bpollock1h@disqus.com,56661,31,Male,8802357,9371060616,day,88,2273
55,Ignazio Ridges,0564493120,iridges1i@nationalgeographic.com,59829,35,Male,1740469,1144394882,night,19,6502
56,Russell Stennett,9945939599,rstennett1j@mapy.cz,24377,19,Male,1711983,3622523461,night,46,5989
57,Forbes Kornousek,4084071439,fkornousek1k@51.la,85803,44,Male,9572048,4234236179,night,73,7725
58,Candida Cadwallader,6211514522,ccadwallader1l@wikispaces.com,41210,26,Female,3013787,8986961481,night,77,2533
59,Yvette Castagno,1121124380,ycastagno1m@mtv.com,54266,29,Female,1988220,5498645990,day,28,1709
60,Lindsay Feifer,5206351210,lfeifer1n@tumblr.com,40757,26,Male,6787158,5413002035,day,72,4776
61,Madelena Tracy,5546019190,mtracy1o@soundcloud.com,85083,40,Female,9561749,2009731925,night,44,3646
62,Verney Kidd,9097869021,vkidd1p@arstechnica.com,80115,23,Male,5875219,6478316139,day,90,6914
63,Sollie Gornar,5577394937,sgornar1q@bing.com,52055,27,Male,9713233,1222385535,day,6,2907
64,Westleigh Penddreth,1054529108,wpenddreth1r@economist.com,67909,29,Male,6997970,1703091060,night,77,3807
65,Harrie Willis,7381904519,hwillis1s@1und1.de,77186,39,Female,5320581,3935829130,day,87,8463
66,Yale Stewart,2488955825,ystewart1t@hp.com,43788,43,Male,3541712,9656304572,night,33,1875
67,Derrik Kubicek,0216199204,dkubicek1u@prnewswire.com,56370,27,Male,5261368,9649577773,day,39,9147
68,Marty Enefer,7443469578,menefer1v@liveinternet.ru,67342,33,Male,7492591,4162457177,day,77,3967
69,Barn Sherar,3348883393,bsherar1w@unicef.org,19349,36,Male,7695013,5209936036,night,40,9838
70,Olly Fennelow,6668180787,ofennelow1x@yandex.ru,18765,22,Female,7115973,6718837037,day,49,2687
71,Dalis Tolson,5537091720,dtolson1y@biglobe.ne.jp,81026,44,Male,5663234,1272018134,day,29,8357
72,Jackie Ferrotti,3961679223,jferrotti1z@opera.com,35121,37,Male,7650450,4158015447,day,23,6889
73,Emmalynn Levane,5289911235,elevane20@mayoclinic.com,52803,30,Female,4317993,8780450763,day,96,4314
74,Grant Jerrems,2052420940,gjerrems21@spiegel.de,25072,31,Male,2049079,4329843103,day,75,5270
75,Garfield Czajkowska,1235955788,gczajkowska22@com.com,23740,26,Male,3486099,3710532859,day,36,5692
76,Madelene Fraschini,7092404576,mfraschini23@dot.gov,27279,38,Female,8468635,2990904518,night,36,6779
77,Granville Brisard,8357712665,gbrisard24@posterous.com,18490,33,Male,7000462,7780953440,night,12,6396
78,Jonathan Darycott,9605778505,jdarycott25@technorati.com,70267,44,Male,5029863,9763580091,night,57,2502
79,Erminie Cossar,2119258562,ecossar26@altervista.org,87104,34,Female,4864541,4860390800,day,5,6261
80,Chickie Quaife,1737803135,cquaife27@msn.com,88940,39,Male,8821797,1021873823,day,50,8727
81,Elyn Robbel,1583203079,erobbel28@hud.gov,45409,50,Female,3072421,5862534224,night,84,6933
82,Frank Le Brum,3350007929,fle29@sfgate.com,98831,44,Female,9684804,6299515092,day,10,4495
83,Ring Ferrettino,1032618809,rferrettino2a@google.nl,49231,42,Male,3841849,8676660726,day,17,9759
84,Penny Pays,0833828304,ppays2b@washington.edu,57988,44,Male,6671858,4247238106,day,27,7487
85,Lebbie Quince,8080587787,lquince2c@de.vu,87429,43,Female,5265530,7682824602,day,50,6764
86,Gus Blankman,4625521653,gblankman2d@weibo.com,78940,39,Male,6726170,7969114078,day,87,4530
87,Calypso McGeffen,3643439598,cmcgeffen2e@twitpic.com,90621,40,Female,8768894,3327364009,night,25,9281
88,Reider Zielinski,9637965475,rzielinski2f@ft.com,99723,38,Male,8594196,7767907848,night,42,1604
89,Hamnet Frobisher,4807679864,hfrobisher2g@hugedomains.com,14509,27,Male,1356776,1049848389,night,58,7564
90,Lynn Sheaber,7151152566,lsheaber2h@technorati.com,67968,29,Male,8509407,8983773862,night,36,6119
91,Mariana Pietersma,4155059754,mpietersma2i@economist.com,15531,25,Female,7767718,4544738593,day,89,4278
92,Nathaniel Bolger,1817622315,nbolger2j@aboutads.info,82392,32,Male,6068711,8410730782,night,49,9053
93,Bellina Jerrard,7603542316,bjerrard2k@prnewswire.com,86305,33,Female,1234979,3783627774,day,37,7323
94,Natalie Wilman,6362185633,nwilman2l@epa.gov,89948,30,Female,5067538,9920806884,night,46,7661
95,Terence Chatterton,0603399150,tchatterton2m@myspace.com,69227,46,Male,6512504,1110891364,night,42,6107
96,Hetty Ivashev,1739079949,hivashev2n@wp.com,46151,42,Female,2936682,5939270314,day,88,2169
97,Bobbye McGrouther,3242306902,bmcgrouther2o@elegantthemes.com,80970,22,Female,2262172,2944794212,night,92,4229
98,Leif McCue,5752765919,lmccue2p@tinypic.com,77993,50,Male,5060717,2134829186,night,64,3280
99,Edyth Janota,4617932380,ejanota2q@de.vu,91052,28,Female,5366334,5757910138,night,78,4828
100,Tan Kryska,0628089554,tkryska2r@instagram.com,92607,49,Male,7970687,3359979783,night,13,6056
101,Brynna Bedward,4139076151,bbedward2s@cbslocal.com,97756,42,Female,4682067,3435593385,night,37,8663
102,Brigitte Wahncke,8606538868,bwahncke2t@google.pl,18930,40,Female,4008871,3857278077,night,77,6581
103,Marylou Zupone,9225393865,mzupone2u@comsenz.com,91283,41,Female,5260028,8322005218,day,92,6550
104,Udall McHarry,7381832755,umcharry2v@home.pl,82099,21,Male,9241956,6308206611,day,21,4928
105,Kylie Fernez,5025208157,kfernez2w@cmu.edu,96916,20,Male,4004552,4256876542,day,4,1124
106,Spenser Peedell,9598962490,speedell2x@com.com,35324,24,Male,7319108,1291335490,day,87,9650
107,Ashely Udden,1877830216,audden2y@google.fr,55569,24,Female,1482215,4701496753,day,92,9171
108,Lyell Fosken,3883521167,lfosken2z@yale.edu,37715,39,Male,5866255,6370108045,night,80,1202
109,Papageno Stickford,6217655500,pstickford30@cloudflare.com,67028,38,Male,8107675,5888828569,day,32,1108
110,Casie Milleton,6028055123,cmilleton31@lycos.com,23531,40,Female,8303006,5747702761,day,19,5697
111,Miles Abdon,4001747383,mabdon32@umn.edu,29748,40,Male,5341036,8244207816,day,77,9639
112,Munmro Jenkins,4030558380,mjenkins33@forbes.com,77455,21,Male,6664658,8126920315,day,71,6738
113,Cam Welds,7795819613,cwelds34@themeforest.net,10426,19,Male,6605664,3695719313,night,32,3338
114,Artur Illsley,3982149614,aillsley35@omniture.com,71107,23,Male,3944940,3460230094,day,92,7967
115,Pepita Edkins,9095667561,pedkins36@amazonaws.com,92023,31,Female,1548570,5945374024,day,90,6861
116,Carmine Henzer,9026172559,chenzer37@smh.com.au,47645,19,Male,1755377,6351566064,night,41,3608
117,Ulrika Zoppie,8260769018,uzoppie38@nsw.gov.au,56748,48,Female,7191944,5880727686,night,40,8282
118,Vina Egle of Germany,4045489142,vegle39@123-reg.co.uk,43112,50,Female,5714035,6057591414,night,17,3053
119,Mada Betz,4364968412,mbetz3a@sina.com.cn,39643,48,Female,2689220,3537934880,day,82,6203
120,Selma Brosel,6492404963,sbrosel3b@barnesandnoble.com,67187,42,Female,5201531,2799486687,night,53,5660
121,Gertie Abby,8141509950,gabby3c@eepurl.com,51408,44,Female,1153348,4646468475,day,43,6500
122,Bridgette Ianitti,2317400241,bianitti3d@va.gov,87660,32,Female,7492450,9247797758,day,62,9878
123,Mayne Dorrell,9996182630,mdorrell3e@si.edu,31463,20,Male,1728032,6161631555,day,74,9397
124,Kenton Vye,4649206073,kvye3f@hp.com,61932,43,Male,1764779,4323172397,day,35,6315
125,Maureen Itzkovwitch,3838107500,mitzkovwitch3g@t-online.de,30948,50,Female,4146332,7716754415,day,7,1635
126,Forster Fobidge,6989445130,ffobidge3h@dailymail.co.uk,91540,37,Male,8088080,7733929668,night,39,5821
127,Terza Bouller,1231813725,tbouller3i@vk.com,50404,45,Female,9093120,7663543213,night,90,7788
128,Glory Eynaud,6135538551,geynaud3j@va.gov,33682,38,Female,8768165,7111255516,night,75,1537
129,Marcellina Dinsale,4805749350,mdinsale3k@wunderground.com,73590,50,Female,6915018,2756541967,day,78,2016
130,Gareth Simla,9903897227,gsimla3l@prlog.org,45424,37,Male,4897306,1181647627,night,95,1110
131,Katinka Abatelli,9248429882,kabatelli3m@clickbank.net,60497,50,Female,9195673,5841081504,day,98,9197
132,Justina McMichael,1914487796,jmcmichael3n@wordpress.com,87761,42,Female,5419539,3165813724,night,53,2333
133,Florry Matevushev,3907956702,fmatevushev3o@virginia.edu,87170,42,Female,8477799,6481000598,day,10,1527
134,Berkeley Tromans,7291982413,btromans3p@meetup.com,83257,40,Male,6474978,2216062089,night,78,4674
135,Farleigh Howland,2579499806,fhowland3q@soundcloud.com,88202,24,Male,5364568,2247556313,night,84,3835
136,Barbabas McCaughren,9712758087,bmccaughren3r@guardian.co.uk,91577,27,Male,1902531,5162318581,day,71,5049
137,Lita Slay,5207491830,lslay3s@archive.org,98344,36,Female,1915794,3304961718,day,2,7787
138,Idette Manach,7505764020,imanach3t@nasa.gov,28770,39,Female,5061564,4234337334,night,8,7103
139,Bertie Pineaux,0532094565,bpineaux3u@indiegogo.com,17695,46,Female,1755335,4352894530,night,54,4701
140,Reinwald Paggitt,1088182259,rpaggitt3v@indiegogo.com,39896,47,Male,2017161,4899499325,night,87,6526
141,Eadith Sandbrook,3408235422,esandbrook3w@weather.com,82921,47,Female,8568877,7384179768,night,74,8679
142,Llywellyn Donovin,1428157034,ldonovin3x@bandcamp.com,20240,47,Male,7719375,2943739721,day,76,1660
143,Aloysius Crankshaw,7571221684,acrankshaw3y@japanpost.jp,28979,45,Male,9065450,7220706240,night,92,4928
144,Cory Daveran,5880505952,cdaveran3z@nymag.com,68785,31,Male,8963773,4790593025,night,5,2389
145,Ninetta Thoumas,9588847931,nthoumas40@ifeng.com,68382,40,Female,5601207,2308240224,night,75,3099
146,Adella Laudham,5150521167,alaudham41@simplemachines.org,66309,22,Female,3581869,6456151486,day,16,3216
147,Shelton Tomaselli,8305288358,stomaselli42@businessweek.com,89772,37,Male,4074897,7363518841,night,66,8305
148,Tabby Kermode,6929368725,tkermode43@slideshare.net,31854,47,Female,6473022,4883716923,night,48,4992
149,Willabella Shuxsmith,6935484162,wshuxsmith44@columbia.edu,45291,38,Female,5466487,8091598218,night,60,5312
150,Otha Grogan,0314827404,ogrogan45@sakura.ne.jp,43990,24,Female,7516992,1833188164,day,42,3140
151,Blake MacRinn,8895822005,bmacrinn46@cdbaby.com,63223,31,Female,9055171,5281548031,day,67,2956
152,Elinor Twentyman,6415060295,etwentyman47@techcrunch.com,56688,33,Female,8628148,2697208530,day,89,1136
153,Duncan Jacklin,9147343990,djacklin48@ibm.com,66444,48,Male,8869137,8848871172,night,64,9333
154,John Henstone,0312766777,jhenstone49@shop-pro.jp,79044,33,Male,3806271,1472740267,night,23,1500
155,Isobel Blakden,8863390789,iblakden4a@harvard.edu,81798,41,Female,3836273,1023366805,night,53,5281
156,Maggi Torregiani,5967478647,mtorregiani4b@yelp.com,20016,31,Female,3485993,5171172841,day,81,5782
157,Lyell Stratiff,6662215937,lstratiff4c@europa.eu,19188,26,Male,7109678,5137785242,night,13,7806
158,Reba Harfleet,6446322194,rharfleet4d@pagesperso-orange.fr,75794,19,Female,7575131,9547054571,night,73,4316
159,Gardy Klimentov,5686166439,gklimentov4e@sbwire.com,91815,24,Male,7221703,4562110834,night,24,8852
160,Lottie Skill,0898109329,lskill4f@cam.ac.uk,74652,42,Female,4480947,8827835626,night,67,4101
161,Karlie Hedlestone,1262065623,khedlestone4g@google.ca,76968,33,Female,9674444,9103096167,night,48,9533
162,Russell Earnshaw,1969363908,rearnshaw4h@yahoo.co.jp,78972,38,Male,7631513,4045950743,day,41,5093
163,Toni Jesteco,8355935721,tjesteco4i@acquirethisname.com,52874,26,Female,5592504,1514873381,day,76,5981
164,Hatti Gammidge,5103945428,hgammidge4j@apache.org,43279,43,Female,1467144,1756359207,night,2,1714
165,Bevin Macauley,9790204604,bmacauley4k@123-reg.co.uk,45855,31,Male,9414024,6576982937,night,50,5155
166,Humfried Khotler,0501192557,hkhotler4l@walmart.com,91408,40,Male,3645147,8513279955,day,24,7647
167,Keven Ropert,7897782328,kropert4m@timesonline.co.uk,79565,20,Male,1324409,3837690424,day,77,7018
168,Manolo Noddle,7371211170,mnoddle4n@google.com,26923,27,Male,1314750,5841814420,day,63,9734
169,Jesus Simonelli,0227948270,jsimonelli4o@harvard.edu,18519,20,Male,6879136,5637677418,day,87,1784
170,Zsa zsa Bestwerthick,9085291054,zzsa4p@woothemes.com,79179,22,Female,1873721,2354251972,night,84,6065
171,Jackson Babst,7694744537,jbabst4q@usda.gov,34267,28,Male,3662399,5250020297,night,49,8463
172,Crissie McAllaster,6990498420,cmcallaster4r@about.com,51090,25,Female,1306699,3412377635,night,78,2962
173,Humfrid Nunns,1042322309,hnunns4s@google.nl,47799,34,Male,5106856,8871458802,day,95,1114
174,Lynnelle Mildenhall,4905242711,lmildenhall4t@yellowpages.com,39593,48,Female,3926568,1342278324,day,40,5243
175,Siegfried Fidler,5023307107,sfidler4u@usatoday.com,73058,44,Male,6955792,9889872907,night,39,2756
176,Gaultiero Marle,8615556792,gmarle4v@webeden.co.uk,64182,19,Male,4470965,9488861548,day,30,7919
177,Brynna Hulke,9057631199,bhulke4w@epa.gov,51882,25,Female,5010185,7556692253,night,29,9618
178,Nataline Anthoine,3314186630,nanthoine4x@accuweather.com,48398,25,Female,8086896,9258573688,day,4,2140
179,Knox Rochester,8897661769,krochester4y@answers.com,77924,41,Male,5428884,4717922458,day,88,1258
180,Christoph Durnall,9909991446,cdurnall4z@about.com,65829,48,Male,2195296,1955282782,night,92,2977
181,Berni Skaif,3965989715,bskaif50@tiny.cc,90784,40,Female,3694578,1233292845,night,63,6110
182,Charla Dreinan,2063996008,cdreinan51@surveymonkey.com,11325,28,Female,7266670,7353498031,day,88,7460
183,Hyacinthie Reis,5063214711,hreis52@ihg.com,33550,41,Female,2670975,5757890720,day,2,7338
184,Aldridge Coite,5302510685,acoite53@newyorker.com,39919,22,Male,5500340,8327469086,day,20,5321
185,Courtney Klosser,4186151873,cklosser54@altervista.org,30920,23,Female,1979571,4403201039,night,47,3918
186,Shanna Fant,7175303440,sfant55@nyu.edu,80200,20,Female,1351574,7142792437,day,41,2694
187,Colver Etchells,5736960125,cetchells56@miibeian.gov.cn,47516,39,Male,6904845,1477379280,night,32,1940
188,Tessie Smithson,6979052241,tsmithson57@ehow.com,98277,47,Female,4453059,4343664385,night,39,2285
189,Corabelle Itzkov,9985487249,citzkov58@parallels.com,89334,46,Female,6300166,7443572151,day,88,1201
190,Milt Ropking,3128461244,mropking59@theglobeandmail.com,16383,45,Male,6681932,5269715373,day,2,7808
191,Mikol Roistone,2084647428,mroistone5a@youtube.com,73925,25,Male,2324704,9121048888,day,8,5736
192,Marys Garrat,5765287522,mgarrat5b@drupal.org,99606,33,Female,2395066,3518292765,night,9,7961
193,Windham Cammock,8382674534,wcammock5c@google.co.jp,77851,30,Male,8854078,9840770745,night,15,9797
194,Keith Flanner,5096994201,kflanner5d@google.com.hk,16351,49,Male,9987011,3577508680,day,20,8541
195,Lenee Molfino,2355133921,lmolfino5e@google.com.br,34803,36,Female,6757580,6904858751,night,16,3290
196,Kerwin Sich,1513508644,ksich5f@state.tx.us,10442,46,Male,6350077,5890212370,night,25,6956
197,Riley Macourek,0083389806,rmacourek5g@ycombinator.com,34225,20,Male,1763641,2066109001,night,95,8723
198,Walsh Kendall,5588201957,wkendall5h@cpanel.net,88833,41,Male,1414488,3694188824,day,65,8482
199,Goraud Allman,1432751093,gallman5i@domainmarket.com,63702,41,Male,2851523,7363816255,day,76,9741
200,Bordy Hazart,8400798473,bhazart5j@a8.net,12399,27,Male,6050104,1943050086,night,89,4489
201,Jamison Burhill,4170206495,jburhill5k@umn.edu,69258,50,Male,6583816,5067647136,day,22,1896
202,Andie Aggett,9985762215,aaggett5l@pinterest.com,87900,29,Female,5208371,8294426776,day,61,4799
203,Leon Duffan,4539202014,lduffan5m@drupal.org,44336,28,Male,7385759,2979729542,night,40,2405
204,Stepha Ziehm,7722145205,sziehm5n@exblog.jp,90004,19,Female,3526885,4201331015,day,58,1210
205,Eveline Jodlowski,4422445200,ejodlowski5o@sphinn.com,89397,50,Female,6450349,8859247832,day,46,2117
206,Amos Chritchlow,7656478604,achritchlow5p@zimbio.com,74719,24,Male,1744108,2651065776,night,58,9477
207,Judith Jermyn,8097339676,jjermyn5q@reference.com,55923,41,Female,7912570,6482157515,night,70,7270
208,Mitchael Blakeley,3989950932,mblakeley5r@opera.com,23140,37,Male,7585003,8065198471,day,79,8716
209,Sheri Kobierzycki,3709927242,skobierzycki5s@mlb.com,21055,43,Female,6779329,2781584765,night,15,4691
210,Buck Mueller,0620074191,bmueller5t@nymag.com,76753,36,Male,5197911,9504356590,day,20,9556
211,Erina Helkin,2284276830,ehelkin5u@spiegel.de,40158,22,Female,9031220,3932399822,day,93,9240
212,Kimberley Brounfield,4573576231,kbrounfield5v@engadget.com,20259,37,Female,6497064,1358492961,night,53,4987
213,Joyce Pullan,5444714450,jpullan5w@cocolog-nifty.com,74585,28,Female,7653977,5139910754,night,97,5056
214,Consuelo Delyth,7829734801,cdelyth5x@bloglines.com,53940,31,Female,3062903,5495306537,night,31,4109
215,Warden Hambatch,7615625106,whambatch5y@intel.com,89801,49,Male,5509517,7263866994,night,47,7718
216,Neale Rome,7290383346,nrome5z@marketwatch.com,89126,38,Male,7523132,8541425305,day,50,3890
217,Georges Herley,2992972436,gherley60@google.nl,81437,36,Male,1781286,3387039677,night,61,9685
218,Christie Sharman,8537275484,csharman61@hud.gov,81799,47,Female,1830929,2748992066,night,81,6683
219,Ranice Gercke,8058551619,rgercke62@xrea.com,97270,48,Female,1900641,5216562488,night,59,8433
220,Violette Obin,1670710637,vobin63@unicef.org,16114,21,Female,8431515,7057923080,day,86,4269
221,Rhonda Piddocke,2600258728,rpiddocke64@baidu.com,76595,39,Female,7791256,3666599671,night,38,8978
222,Rex Dacre,3032180945,rdacre65@bizjournals.com,69719,27,Male,8492817,9686700511,day,51,7933
223,Trenton Stockhill,4206848696,tstockhill66@ca.gov,56658,27,Male,7328298,7904611763,night,29,1678
224,Luz Bourthoumieux,9556662138,lbourthoumieux67@smh.com.au,34611,37,Female,6330971,9091020596,night,40,8890
225,Tawsha Sands,0806611421,tsands68@paginegialle.it,61637,48,Female,5099569,7827079926,night,40,3465
226,Madelyn Frankiss,4350582533,mfrankiss69@google.com.hk,85681,30,Female,5051023,3655786533,night,77,5615
227,Caro Bubbings,2149074125,cbubbings6a@homestead.com,36087,43,Female,6791600,9639710734,day,96,1180
228,Pearl Penberthy,8058043125,ppenberthy6b@oakley.com,15796,48,Female,8592396,7270143540,day,95,6727
229,Huberto Kale,2373954648,hkale6c@ft.com,56287,27,Male,7045878,5770660454,day,18,1469
230,Sybyl Hayzer,3106627166,shayzer6d@about.com,71418,31,Female,8103760,8853141773,night,98,9969
231,Katharina Strowther,6449919078,kstrowther6e@weather.com,89110,45,Female,5605849,4760188509,day,43,4249
232,Star Lukianovich,1059885689,slukianovich6f@pen.io,29070,40,Female,2055242,4336989430,day,76,3951
233,Karleen Phelps,8330545474,kphelps6g@ted.com,58418,40,Female,3842819,9761433266,night,54,8888
234,Christen Mattessen,4520802865,cmattessen6h@ucsd.edu,59357,32,Female,4077231,1902863514,night,31,6843
235,Wilfrid Paulsson,3534359224,wpaulsson6i@nhs.uk,23800,40,Male,5242705,1430158929,night,40,2189
236,Essa Knyvett,0415908388,eknyvett6j@abc.net.au,87074,29,Female,5988422,3638744071,day,21,1181
237,Ema Topper,0041904230,etopper6k@ted.com,51502,44,Female,6974072,6667177982,day,52,1196
238,Lynn Kislingbury,2412486174,lkislingbury6l@de.vu,56345,41,Female,3265472,9232963102,night,6,4519
239,Amaleta Hanhardt,0109448588,ahanhardt6m@irs.gov,83804,49,Female,2292297,8116650548,day,80,6899
240,Randa Burde,1987016041,rburde6n@instagram.com,17770,20,Female,9147263,2563919892,night,37,9881
241,Ernie Breakwell,6045565916,ebreakwell6o@shinystat.com,38051,50,Male,8520727,5293540066,night,91,3399
242,Evaleen Banger,0391506102,ebanger6p@google.it,41386,41,Female,7739699,1849038162,day,59,1269
243,Dwain Tomasoni,9470228642,dtomasoni6q@nytimes.com,31672,48,Male,6314821,9062019329,day,36,9505
244,Lyndell Gilffilland,5329877113,lgilffilland6r@prnewswire.com,40195,38,Female,7072631,1945663311,night,58,6647
245,Dacia Galero,8626909748,dgalero6s@economist.com,48889,37,Female,2730608,4230886844,day,55,3050
246,Josias Christopher,0601265858,jchristopher6t@dailymotion.com,96803,25,Male,8718167,6400108005,night,54,2175
247,Joscelin Cheesley,9295886151,jcheesley6u@google.com.br,39823,37,Female,7118490,1891952155,night,98,2481
248,Dorene Dionisi,1873316143,ddionisi6v@ucoz.com,44279,38,Female,7930323,5673650894,night,92,5808
249,Dal Blakeston,6450293500,dblakeston6w@youtu.be,32750,43,Male,8202264,5660464356,day,92,6752
250,Deena Paige,7997267476,dpaige6x@oracle.com,23785,37,Female,2369188,3431784543,night,33,5341
251,Dew Urlich,3839854679,durlich6y@blog.com,53625,48,Male,1288126,9611629364,night,16,5370
252,Magdalene Dubery,3734373824,mdubery6z@dot.gov,94028,49,Female,1061124,3218552106,night,69,9903
253,Marita Colloby,0709041225,mcolloby70@goo.ne.jp,88750,34,Female,9097960,1772568837,night,80,3169
254,Emeline Josilevich,0309860156,ejosilevich71@bbc.co.uk,81897,23,Female,7235575,5570518774,night,70,7518
255,Farrah Hedditeh,1352072904,fhedditeh72@g.co,96686,26,Female,3124838,8908911065,night,45,5785
256,Corrie Dicke,0626409365,cdicke73@pinterest.com,81230,43,Male,4444721,9798158245,day,66,3081
257,Steffi Bukowski,4426886945,sbukowski74@yellowbook.com,30780,27,Female,4399812,3819566025,day,48,3797
258,Keane Marrion,3659858331,kmarrion75@europa.eu,54025,30,Male,8506891,2716966419,night,90,8445
259,Clark Rawll,1029155011,crawll76@freewebs.com,50361,25,Male,9970458,8493233368,day,69,7022
260,Donnie Bosma,9735183021,dbosma77@tuttocitta.it,50593,42,Female,2657891,4158301042,day,7,5168
261,Frankie Stopford,9788375359,fstopford78@dedecms.com,22388,19,Male,9915328,2717909492,day,17,2132
262,Ddene Hubbocks,7357492249,dhubbocks79@yandex.ru,14080,29,Female,2789849,6473692914,night,94,3259
263,Nealy Handrahan,2434190022,nhandrahan7a@sitemeter.com,10310,37,Male,8277970,3784184175,night,31,6796
264,Ellwood Pont,2777495351,epont7b@4shared.com,19121,39,Male,9499205,9288968899,night,41,9842
265,Pippa Guirardin,1002588499,pguirardin7c@fema.gov,94581,47,Female,1631016,7401348434,day,46,9458
266,Giacomo Mosdill,1822273455,gmosdill7d@ustream.tv,42027,46,Male,4972619,9939887463,day,91,5038
267,Gun Bristoe,8810577884,gbristoe7e@youku.com,65648,23,Male,7297158,5498509610,day,51,2690
268,Alf Gollop,1249965063,agollop7f@github.io,27307,45,Male,3474108,8495765335,night,71,1054
269,Helyn Okell,7223016531,hokell7g@posterous.com,72437,24,Female,4699544,5571587215,day,71,8538
270,Gil Neil,2626546577,gneil7h@booking.com,33935,30,Male,9083686,4754137610,night,34,1867
271,Laurena Carbin,1614388733,lcarbin7i@reuters.com,32763,45,Female,9211163,3007734172,day,24,4697
272,Lindi Cavy,4992558593,lcavy7j@mashable.com,15420,26,Female,1120388,4296770039,day,1,7389
273,Tandi McGuckin,4395681190,tmcguckin7k@plala.or.jp,33793,33,Female,1834085,5487866952,day,47,1707
274,Diandra Rigts,5900675181,drigts7l@360.cn,41327,20,Female,7548902,5099702431,night,79,2373
275,Willow Gobbett,7007321917,wgobbett7m@github.io,93565,20,Female,8400982,2066400672,night,44,1300
276,Raff St. Leger,5436285597,rst7n@prlog.org,10304,20,Male,3096545,2244056604,day,19,9224
277,Adolf Brumbye,2236023510,abrumbye7o@google.com.au,70087,32,Male,5609957,7042556632,night,44,6184
278,Tito Blenkinship,9289669276,tblenkinship7p@elpais.com,29358,39,Male,7208891,1835323627,night,78,1501
279,Nicol Giacopello,8605939591,ngiacopello7q@walmart.com,90895,30,Male,9836999,1705175039,day,60,3097
280,Robert Ludlom,7194484129,rludlom7r@google.ru,13312,26,Male,1861008,6466121468,night,84,8180
281,Steven Sircombe,3704333999,ssircombe7s@blog.com,64280,20,Male,2198393,1718068738,day,95,1519
282,Carce Geraldo,9605835851,cgeraldo7t@istockphoto.com,70483,43,Male,9250142,3419834714,night,12,6231
283,Dara Baugh,2007318008,dbaugh7u@psu.edu,71999,27,Female,3778317,6147459003,day,71,9652
284,Agnella Hazelden,1573856770,ahazelden7v@usda.gov,23630,48,Female,7170232,5525512797,night,35,6974
285,Jannelle Jowers,0479076987,jjowers7w@lycos.com,10062,41,Female,3143017,5452823897,night,72,2186
286,Robb Gradon,5918441808,rgradon7x@flavors.me,58074,22,Male,1624340,1610441422,day,9,1908
287,Sawyere Skala,8875164592,sskala7y@123-reg.co.uk,12530,44,Male,8635280,8366745250,day,94,8212
288,Leslie Farrears,4198291616,lfarrears7z@yellowbook.com,97814,42,Female,7510964,8530902379,day,78,4802
289,Roi Canario,5246154734,rcanario80@nyu.edu,54674,45,Male,8929489,3082080453,day,76,3710
290,Jules Dauber,2947960009,jdauber81@nature.com,94868,24,Male,8688621,9435735180,night,72,8262
291,Tresa Elsby,2687561428,telsby82@loc.gov,49816,20,Female,7254644,7986181107,night,6,7719
292,Beret Roseaman,7654437889,broseaman83@thetimes.co.uk,99995,44,Female,9020085,5779499107,day,81,4368
293,Sukey Troni,7388633774,stroni84@ox.ac.uk,27056,39,Female,8792861,7915738784,night,86,3830
294,Wandis Orbell,2344106723,worbell85@odnoklassniki.ru,12267,50,Female,4879517,8278005348,night,60,4098
295,Jaimie Stallybrass,3729839357,jstallybrass86@jugem.jp,87313,21,Female,7337101,2329575478,day,81,1158
296,Debor Beartup,5952799523,dbeartup87@360.cn,67632,19,Female,8917203,7011786203,day,89,2945
297,Laurens Andrea,6456406129,landrea88@sphinn.com,38262,26,Male,2114307,3228458657,night,51,3439
298,Gale Larne,4576202898,glarne89@indiegogo.com,48435,42,Male,3075222,7095502209,night,12,8080
299,Valma Ingrey,4512995617,vingrey8a@bing.com,27268,24,Female,2782861,3633123767,night,81,4305
300,Christalle Chalice,9728103239,cchalice8b@ezinearticles.com,57238,43,Female,4101373,2072532583,day,75,6922
301,Weylin Blower,6338316596,wblower8c@state.tx.us,73717,29,Male,1521895,1417411573,day,64,2011
302,Betsey Couser,2035768268,bcouser8d@redcross.org,91184,38,Female,3225179,2916670895,night,5,6602
303,Viv Oakly,8308295096,voakly8e@shareasale.com,13424,33,Female,6943762,5705415868,day,37,4549
304,Ilene McIlhagga,4577009358,imcilhagga8f@ustream.tv,90207,35,Female,8034252,5404299990,night,38,8479
305,Franz Streeten,4342007231,fstreeten8g@skyrock.com,60785,22,Male,6196228,6950952153,night,3,8678
306,Monica Thorneywork,4955499309,mthorneywork8h@lycos.com,38747,45,Female,1315553,3226862975,night,88,3557
307,Tallou Manvell,2545434094,tmanvell8i@weebly.com,61457,48,Female,9331630,7020192556,night,52,4781
308,Revkah Goatcher,0792470664,rgoatcher8j@cnbc.com,58228,28,Female,3735154,5100174215,day,45,8194
309,Lawton Barth,8301555645,lbarth8k@miibeian.gov.cn,98557,39,Male,2552535,1109605383,day,12,6731
310,Winnah Yosifov,1846496969,wyosifov8l@newyorker.com,70629,24,Female,5955396,2996800343,night,29,7597
311,Debby Semon,3571207432,dsemon8m@jigsy.com,71558,36,Female,7855929,4012223576,night,84,3677
312,Janith Skule,3993542584,jskule8n@boston.com,44195,33,Female,4065654,2793813304,night,14,8328
313,Valentino Klimkovich,2668872499,vklimkovich8o@indiatimes.com,56877,42,Male,5652069,3254612484,night,7,2143
314,Goran Tomkinson,7906526953,gtomkinson8p@bbc.co.uk,32489,47,Male,9368498,3289758865,day,100,7621
315,Dewie Downing,4365030426,ddowning8q@xing.com,20515,30,Male,1820810,1346785366,day,31,3275
316,Pat McComb,7074909831,pmccomb8r@topsy.com,21328,25,Male,7817649,5406051550,day,71,6300
317,Hube Van Arsdalen,9697930287,hvan8s@howstuffworks.com,50357,28,Male,2718592,6014677118,day,51,8131
318,Ferne Noice,6254153343,fnoice8t@google.ru,71242,32,Female,3347490,6073459392,night,10,7762
319,Timi McGraith,8705384745,tmcgraith8u@ft.com,31172,33,Female,6097490,4506179907,day,30,4336
320,Harrie Westnage,7249224115,hwestnage8v@meetup.com,39213,46,Female,6500867,3100397519,night,97,6664
321,Karolina Sultana,0842216529,ksultana8w@gizmodo.com,34111,34,Female,9321173,4465864125,day,40,4233
322,Angeli Scare,6728038671,ascare8x@hhs.gov,79861,36,Male,1927447,9146357099,night,77,8484
323,Lorrayne Luckham,5538327949,lluckham8y@themeforest.net,27655,34,Female,5266422,9056574928,day,81,6541
324,Dorisa Niset,4844205846,dniset8z@g.co,91334,50,Female,6596899,9448656197,night,55,5921
325,Bernard Lavelle,0927982587,blavelle90@utexas.edu,82448,21,Male,9139047,2256711722,night,42,8001
326,Clarabelle MacWhirter,2397969629,cmacwhirter91@vk.com,91177,34,Female,7583157,9517787055,night,83,8987
327,Rozalie Folbige,0190386622,rfolbige92@google.pl,80325,33,Female,3886846,1910492704,day,35,2110
328,Gaylene Hawksley,5765090826,ghawksley93@macromedia.com,60994,25,Female,3918135,1585369156,day,14,5766
329,Kristian Goodyer,6955092847,kgoodyer94@spiegel.de,56412,23,Male,8668462,9609530145,day,65,9939
330,Jacqueline Duchenne,4755978580,jduchenne95@discuz.net,96281,24,Female,8301849,9037019969,night,14,4997
331,Laryssa Meekings,0496483048,lmeekings96@youtu.be,28248,48,Female,1215897,9874232247,day,35,4344
332,Holly-anne Labden,3514208565,hlabden97@slate.com,35297,36,Female,4474784,6433560508,night,78,7797
333,Sam Whartonby,3154902066,swhartonby98@nyu.edu,53978,24,Male,6585951,9357209172,night,40,8481
334,Germaine Bleyman,1577709160,gbleyman99@freewebs.com,27573,47,Male,8424378,8111610517,night,35,4190
335,Piotr Petrasso,9364763564,ppetrasso9a@mlb.com,93032,34,Male,7107156,1572288285,day,53,7533
336,Jada Dossit,1738146367,jdossit9b@studiopress.com,28085,38,Female,7304247,9670373805,night,100,7092
337,Ardella Gildroy,0850190681,agildroy9c@barnesandnoble.com,63899,39,Female,5008844,9360624699,night,61,9894
338,Nickolai Dosdale,4431207929,ndosdale9d@rambler.ru,47248,29,Male,4098377,3591071861,day,30,8884
339,Myron Paddefield,9993118818,mpaddefield9e@macromedia.com,63447,43,Male,5215560,5060305572,night,73,4274
340,Brion Reisk,7598967288,breisk9f@exblog.jp,98813,50,Male,1909345,5505157269,day,47,5747
341,Blisse Sammonds,8641020225,bsammonds9g@people.com.cn,14962,36,Female,3917179,3144057529,day,3,2809
342,Gale Grafton-Herbert,7697936968,ggraftonherbert9h@blogs.com,42151,42,Female,8391002,4012969834,night,7,4865
343,Brittany Van Oord,7855992448,bvan9i@harvard.edu,91136,33,Female,4567796,3192795349,night,2,3218
344,Sibyl McKerron,7353846429,smckerron9j@columbia.edu,66490,34,Male,1658063,2918878555,day,92,3092
345,Rebbecca Churchley,3164275420,rchurchley9k@mtv.com,84359,33,Female,6938087,6572042121,day,57,8954
346,Clarine Mewha,2404101625,cmewha9l@spiegel.de,18324,38,Female,7736283,9255151002,night,76,4260
347,Archy Ellwell,7241767020,aellwell9m@github.io,21931,24,Male,5934145,7657094160,day,43,1161
348,Shurlocke Helliker,6507213144,shelliker9n@example.com,93039,25,Male,4888117,8516464293,night,9,1782
349,Ronalda Dillingston,6438802107,rdillingston9o@reference.com,86404,20,Female,5173940,9708796539,day,26,3587
350,Coretta Britland,8395741170,cbritland9p@networkadvertising.org,87897,43,Female,8760013,2737919799,day,73,7613
