1011,Rolee Kumar,+91 2566500827,tincidunt.tempus@Cumsociisnatoque.org,wfz41em,44,male,4213812,7773429299,day,1040
1012,Pranjivan Jain,+91 7968720841,ut.erat@milacinia.ca,dwj70wx,40,male,2338125,1289855952,day,3794
1013,Pushpak Jain,+91 9117181646,Integer.sem@imperdietdictummagna.edu,ews58qb,31,male,5296205,8769449858,night,2092
1014,Parnal Raj,+91 4890243807,augue.eu@non.net,aii20mq,38,female,6238463,6658721936,day,4580
1015,Samudra Khan,+91 8032855276,vel@lectusjusto.net,jgw94qu,39,male,1047257,2133621831,night,3256
1016,Latika Khan,+91 8203397147,vitae.dolor.Donec@tortor.co.uk,dku77fy,29,female,1071493,3024467549,day,2149
1017,Shivanne Ismail,+91 9119469428,Ut.nec.urna@Ut.com,hth00gc,44,female,4506826,4118571127,night,4624
1018,Abhimani Kumar,+91 2951355867,consectetuer.adipiscing@velitCraslorem.ca,jfu76mo,19,male,4743652,6910408120,day,1241
1019,Anuprabha Patel,+91 7645727242,Duis@aptenttacitisociosqu.org,hxm02sc,25,male,9952158,6874045546,day,4943
1020,Omswaroop Patel,+91 5693478423,Donec.felis.orci@mollisneccursus.org,elj41er,25,female,4710450,1390165155,night,1713
1021,Saparna Singh,+91 5802265514,elementum@sit.co.uk,xta44zi,40,female,6532812,5164083991,night,3783
1022,Katyayani Kumar,+91 7047015691,nibh.enim@Proinvelarcu.com,ber40lw,33,female,6185085,1686171012,night,3949
1023,Fanishwar Khan,+91 7964602900,lorem.auctor@purussapiengravida.ca,brn55sr,23,female,5990200,6008583011,night,2846
1024,Anjushree Singh,+91 1204915707,eget.metus.eu@est.org,hgw48ot,35,male,7807747,1656779446,night,3284
1025,Nithilan Jain,+91 6275623179,ac.mattis@volutpatNulla.org,xzb74dj,49,male,5784214,6117067163,day,2330
1026,Makarand Singh,+91 7089311311,diam.vel@Duisdignissim.ca,bpx79wc,47,male,2764262,2697371230,night,3738
1027,Hemadri Jain,+91 8006113021,Ut@laoreetipsum.co.uk,vtr56zz,30,male,1418066,5927143694,day,2780
1028,Champa Ismail,+91 5519323691,vulputate.mauris@Crassed.ca,dzj31pa,34,female,3828650,6495112289,night,4434
1029,Ishrat Raj,+91 5463012910,velit.Pellentesque.ultricies@torquent.net,qsi28ny,44,female,3039543,4086736858,night,3217
1030,Umaprasad Singh,+91 4556684953,molestie@Vivamuseuismod.edu,ded11hj,19,female,9778002,1223904291,night,1715
1031,Kevalkumar Kumar,+91 0202074004,felis.eget.varius@Curabiturconsequatlectus.net,hfs28vr,36,male,1878676,3128384635,night,3069
1032,Shvetank Khan,+91 8784599731,nunc.Quisque@netusetmalesuada.co.uk,qnr25mr,37,female,4038280,2416456314,night,1354
1033,Anshul Singh,+91 9969983099,est.ac@ullamcorpereu.net,pjd52qp,39,female,6102219,2018458726,night,3694
1034,Jayitri Ismail,+91 1882174322,lectus@tempusnon.net,yen49yp,36,female,1830674,5541834991,night,2668
1035,Hasita Singh,+91 1740154058,tempor@et.edu,shr34za,43,male,4845127,2058736752,day,1155
1036,Keya Kumar,+91 6388565807,mauris.Integer@ornareplaceratorci.org,bnt67mj,29,female,5455806,2427423703,night,2023
1037,Gurdeep Khan,+91 9327275380,in@laciniavitaesodales.ca,hfi09cg,30,male,9861261,2127441682,night,3648
1038,Vajrapani Jain,+91 7240947820,adipiscing.enim@lobortisrisus.edu,zyd94ks,30,male,8856366,2634036843,night,2955
1039,Renu Jain,+91 6117570861,quam.quis@sedhendrerita.edu,bhe34oo,41,female,1977525,8920040136,night,3282
1040,Inkurali Raj,+91 7866686738,id.ante.dictum@vitaeerat.co.uk,qdv17qm,25,female,3531889,1081062132,night,1865
1041,Nimisha Khan,+91 4505402333,velit@dui.com,ddr70sd,25,male,5132183,6329143261,day,4648
1042,Shripad Kumar,+91 1108286890,mattis@Nunc.net,lyi55rm,41,female,5989577,9273913208,night,3933
1043,Dakshakanya Raj,+91 0196982080,mauris.ipsum.porta@vehiculaaliquetlibero.ca,slh52xx,28,female,3243401,3778319042,night,4318
1044,Gathika Khan,+91 9321783787,montes.nascetur@tinciduntnibh.com,qlq81la,44,male,7512503,4478100167,day,3430
1045,Ramila Jain,+91 7876843767,odio.semper.cursus@montesnasceturridiculus.com,nfb04id,41,female,9820023,1716101349,day,2312
1046,Aditeya Singh,+91 3615587100,sem.ut@magna.ca,xbr36of,44,female,6246804,2474461469,day,2529
1047,Chakradhar Kumar,+91 3455451359,Morbi@Proinsed.edu,xni78ek,25,female,6020101,6974862465,day,4094
1048,Udayasooriyan Jain,+91 3759356221,amet.ornare@iaculis.com,rpv15uq,46,female,1677480,5576576774,night,4942
1049,Amar Singh,+91 8689883924,lacus.Etiam.bibendum@malesuada.org,amj02ne,28,male,2974632,4900618881,day,2799
1050,Acalendra Ismail,+91 3909648493,lacus.Mauris.non@vitaevelit.ca,rgw52nh,19,female,6948785,1111749345,night,4655
1051,Kusumita Raj,+91 1474643819,velit.eget.laoreet@metusAliquam.com,mab81zo,47,female,3892820,6329025383,night,3044
1052,Durba Khan,+91 2102020347,dictum.ultricies@Maecenasliberoest.net,oqp70xu,35,male,4906426,9124858537,day,3490
1053,Nartan Patel,+91 2504276839,Cum@Vivamuseuismod.net,tdf53op,30,male,2183988,8438466024,day,4947
1054,Pranay Kumar,+91 7006489651,at.egestas.a@acrisus.co.uk,fyu58dt,18,male,9857211,6319294747,night,1324
1055,Suhrid Raj,+91 6527229605,vitae@dolornonummy.co.uk,hcl70go,20,male,3823371,5683426642,day,4484
1056,Shrikumar Kumar,+91 6031019464,Vestibulum.ante@est.edu,vli90ml,43,female,3122482,6572998919,day,3987
1057,Gangadhar Raj,+91 4299258704,nec.malesuada@ullamcorperviverra.net,rcr32cm,22,female,1107357,3057324656,night,2182
1058,Tulasi Khan,+91 3717015070,mattis.Cras@utaliquamiaculis.edu,cbc68cd,27,male,5294962,5061982368,day,3776
1059,Sameen Singh,+91 6511482311,tellus.Nunc.lectus@nonummy.com,hal52qz,33,male,3301975,9136109738,day,2001
1060,Padmaja Jain,+91 4443216309,nec.tellus.Nunc@Aenean.net,wqc98uu,23,male,2655856,7249066643,night,1710
1061,Edhas Raj,+91 7542421837,interdum.feugiat.Sed@nonsapienmolestie.com,efm50gd,30,male,7284665,7982059538,night,4307
1062,Tanika Raj,+91 8696856517,lorem.ac@dolor.com,llw67wp,38,female,5292529,1104032591,day,4775
1063,Sahay Ismail,+91 5423585755,augue@luctus.net,uqf67ma,50,female,7016158,2877573962,day,2332
1064,Harshil Ismail,+91 2125855498,Ut.tincidunt@sed.ca,gei03yy,32,female,3146349,7578272848,night,1327
1065,Abhimanyusuta Khan,+91 2851937092,tellus.justo@faucibus.com,nud08fj,50,male,1761142,3729561085,night,2921
1066,Shivanne Kumar,+91 0680741856,vitae.velit.egestas@urnaNullam.edu,hae33hu,42,male,6161297,3725913116,night,4651
1067,Indrakshi Khan,+91 8892891179,et@nibh.net,jyo97cs,45,female,2170065,4869385728,night,4268
1068,Shrikumari Khan,+91 0155498108,magna@primisin.org,oac27hr,20,female,8374338,7727951651,day,4808
1069,Mukunda Khan,+91 0596640888,Phasellus@Nam.ca,hot19dr,28,male,4364324,7110130427,day,4693
1070,Ayushman Khan,+91 2849801269,ut.quam@acmattis.com,liy30vv,36,male,1581424,3896247135,day,4330
1071,Nirmohi Singh,+91 0350270204,sed@erosnon.ca,loi35ls,42,female,1361923,1299347676,night,2822
1072,Hardik Khan,+91 0109906032,dapibus@mauris.org,zeq91ch,37,female,8197170,7989677948,night,4995
1073,Yuyutsu Raj,+91 8104321876,Duis.mi@Donec.ca,ibb18ey,42,male,8752759,9253552546,night,4598
1074,Sudarshana Singh,+91 2075431882,purus.in@dolordolortempus.ca,zdx85az,50,male,9033012,3293565127,night,3440
1075,Kanta Raj,+91 0433114139,vitae.velit@dignissimlacus.com,znx48yw,36,male,1986149,6938522711,night,3699
1076,Milap Jain,+91 2172541154,vitae.erat@pretiumetrutrum.edu,dyk28ge,42,male,3451900,4525571801,day,1558
1077,Ahilan Kumar,+91 1716791325,Fusce.mollis.Duis@lectus.org,msf65ae,28,male,9095989,9090775961,night,4808
1078,Ramkishore Jain,+91 9253129125,elit.pharetra.ut@turpis.edu,rak88qh,25,female,9743418,6782420129,day,2456
1079,Yamajith Jain,+91 9579374607,enim@utlacus.ca,mbo98fg,50,female,7990071,9732354325,night,1438
1080,Ojaswini Khan,+91 6675706344,convallis@anteipsumprimis.edu,edl15nh,31,male,9497572,5628277372,day,4843
1081,Deeptimoy Raj,+91 1756026116,a.dui.Cras@idblandit.org,sdr68nz,42,female,9779090,2687627786,night,3752
1082,Harshil Ismail,+91 1284904065,Phasellus.ornare.Fusce@Crassedleo.ca,rdm67df,35,male,3024842,9862266293,night,2541
1083,Sachin Patel,+91 2559991359,odio.auctor.vitae@nullaante.ca,pib70bn,23,female,8945972,4547633459,day,1594
1084,Giri Khan,+91 5031660326,ultrices.posuere@montesnasceturridiculus.org,xwb34cy,30,female,6572515,6855431084,night,2943
1085,Triveni Singh,+91 4687125855,nec.quam.Curabitur@lectussitamet.net,ato34xv,50,female,8877741,6836613030,day,1664
1086,Muthammal Patel,+91 8443438445,Quisque.nonummy.ipsum@semperrutrumFusce.com,sxg38mh,44,male,4278912,8589776439,night,1487
1087,Senajit Ismail,+91 3400477952,Nunc@enim.org,jjj21xs,46,female,1074838,7950706578,day,3158
1088,Ikshana Khan,+91 7702297260,nulla.Cras.eu@interdumenimnon.org,nsj71xa,22,female,9914998,6657684487,night,1195
1089,Devangana Jain,+91 8943138774,eget.odio@Morbiaccumsanlaoreet.edu,lwx74ls,50,female,5478612,2699356804,night,2339
1090,Poushali Singh,+91 9316498783,enim.condimentum.eget@Maurisutquam.co.uk,hmu87vo,25,female,6872604,2999594941,day,1747
1091,Mugdha Jain,+91 9598689320,felis.Nulla.tempor@temporbibendum.net,cjt80eq,32,male,2143471,9952204340,night,1812
1092,Shweta Kumar,+91 7833019836,lorem@hendrerita.org,dfl15qp,25,female,2866062,5603524099,day,2540
1093,Hiral Raj,+91 4392373782,ligula.eu@litoratorquent.org,tdm05gx,34,male,5152126,1644225045,day,2066
1094,Sanjivani Singh,+91 4576909668,feugiat.Lorem.ipsum@Vivamus.org,kqj30pj,23,female,3820564,9408695871,night,1529
1095,Ranganath Khan,+91 2679936498,lectus.pede.ultrices@maurissagittisplacerat.net,wpe76bo,49,male,1629728,5675626203,night,2485
1096,Vedika Patel,+91 0504798043,non@turpisegestasAliquam.edu,eru08wx,48,male,4274806,8414604490,day,3045
1097,Meru Ismail,+91 2154272774,amet.diam@Nullafacilisi.ca,acq36nb,42,male,1901251,1615139305,night,2514
1098,Dhitha Raj,+91 3362013994,est@accumsanlaoreet.edu,yso80vr,18,male,8356501,1932967648,night,2501
1099,Jaitra Khan,+91 4860019829,Aliquam.erat.volutpat@orciDonec.edu,bwt54ww,40,female,4508260,9646336746,night,1481
1100,Suchir Kumar,+91 3404801208,et.ultrices@mauris.ca,wit11gw,37,male,3192355,2421735102,day,2064
1101,Prachur Patel,+91 1151019922,fermentum@nibh.edu,rxm65wq,36,male,4691632,9007219095,day,1791
1102,Sunayana Singh,+91 8791652286,tellus.Aenean.egestas@dictummiac.co.uk,qdi21vp,38,male,9499656,9841986070,night,1158
1103,Shyamal Khan,+91 2078254410,torquent@pellentesque.org,nfk23eo,47,female,6516118,2655025724,day,4244
1104,Manorama Jain,+91 0014414952,aliquam.iaculis.lacus@commodo.co.uk,bcv28es,21,female,7948951,5902197931,night,4173
1105,Sanjivani Kumar,+91 1773012220,iaculis.nec.eleifend@elit.co.uk,fzr39zz,29,female,9460462,6825622228,day,2199
1106,Indrasuta Ismail,+91 6790944828,et.pede@Cum.ca,dmt70qf,50,female,2379866,9776945074,day,4748
1107,Randhir Khan,+91 7989749841,a.neque@convallisantelectus.com,nne90go,36,female,1276623,6356567357,night,2948
1108,Sumedh Singh,+91 9430254212,arcu@ullamcorpermagna.net,kji75ll,47,female,7648198,8078225747,night,2073
1109,Samudrasen Ismail,+91 1637205322,mi.lorem.vehicula@pede.com,txa73nr,26,female,9811549,8990687030,night,1941
1110,Dharendra Jain,+91 4686215222,eget.lacus.Mauris@tristiqueaceleifend.co.uk,nue75zq,42,male,1607768,5123612608,night,2824